SOC,T_degC,V_Vsrc0_V,R_R0_Ohm,R_R1_Ohm,C_C1_F,R_R2_Ohm,C_C2_F
1,45,4.192578884,0.0161505225826927,1.50860878879968e-05,320781.03010184,0.00497802579318031,7087.94576280972
0.99,45,4.15937726382907,0.0161505225826927,1.50860878879968e-05,320781.03010184,0.00497802579318031,7087.94576280972
0.98,45,4.14016796928463,0.0161065699301787,1.58849422931549e-05,306221.521706157,0.00499595326107753,6925.96852775976
0.97,45,4.12533041605403,0.0158013062833597,2.14332128763326e-05,205101.603463608,0.00512046461398836,5800.9906562361
0.96,45,4.11442156672945,0.0154679431840803,0.000155481148121108,112847.69185075,0.00520695269129842,4930.95112310323
0.95,45,4.10677160049715,0.0150429212744987,0.000708687656071034,49514.1878847318,0.00516941101357088,4892.50590057896
0.94,45,4.10147584884366,0.0147834384638612,0.0011242975493169,1538.64382980844,0.00529322131271799,4747.76864999684
0.93,45,4.09752424351254,0.0150602721850989,0.00109411947061796,3320.09282810533,0.00593978263081234,4258.66458687561
0.92,45,4.09396013232091,0.0152865012983722,0.00101063235576441,5157.94574125908,0.00667994148436881,3773.54317043026
0.91,45,4.08999837707027,0.0153557652844709,0.000761791531512112,7170.75204353701,0.00771042071877703,3300.77510809866
0.9,45,4.08508615769559,0.0154039202169203,0.000557169210145522,9067.11944405331,0.00865970898618757,2921.58585282917
0.89,45,4.0789294926452,0.0153909716231532,0.000480544405636779,10626.4358519193,0.00937397703606949,2813.27539608953
0.88,45,4.0714667737048,0.015350188263616,0.000487736066045272,10958.1375980774,0.0099814811039505,2758.45364540287
0.87,45,4.06280865994174,0.0152300462940595,0.000733893565345283,7789.83528464861,0.01028459456615,2856.13144866176
0.86,45,4.05317086087153,0.0151055485876659,0.000925379006134071,5407.44172652679,0.0105381983222072,2945.52586681791
0.85,45,4.04281528164663,0.0149691298920922,0.000967235338845283,5175.96088852495,0.0106563015433846,3012.24991991855
0.84,45,4.03200699950931,0.0148467978204229,0.000995807037783938,5017.36073847837,0.0107065702680821,3079.38469265838
0.83,45,4.02098509996986,0.0147615025029305,0.00098945058653546,5050.37954144364,0.0105784875589739,3147.59933538091
0.82,45,4.00994661824754,0.0146812376085977,0.000975954841599309,5123.29313775639,0.0104379103555112,3211.25045606098
0.81,45,3.99904025449987,0.0146136876504787,0.000944413763106052,5297.04512013945,0.0102657519721566,3263.36678337718
0.8,45,3.98836671175131,0.0145493444409695,0.000912482185226433,5481.01993412288,0.0100979752027088,3308.15392269555
0.79,45,3.97798362883214,0.0144926118529232,0.000879623829674921,5689.25673775759,0.00994059737901477,3335.54659731891
0.78,45,3.96791337256389,0.0144504177183694,0.000842240883597991,5945.44177535933,0.00979590351459368,3354.84844268692
0.77,45,3.95815050591021,0.0144422516669123,0.00079426787424794,6313.85240082202,0.00968089718333147,3355.21323877614
0.76,45,3.94866964486677,0.0144232695012434,0.000782281280084722,6413.83749323894,0.00957655425141409,3358.31929994701
0.75,45,3.93943125602153,0.0143799048000132,0.000851418094089962,5908.71663200492,0.00949624959319038,3367.60493652047
0.74,45,3.93038631928117,0.0143519152846068,0.000903601041044097,5534.332899412,0.00947338472339338,3357.03054404534
0.73,45,3.92147877291414,0.0143565599454452,0.000919799025493076,5437.4416502744,0.00957243709092096,3304.30279514062
0.72,45,3.91264545793564,0.0143660818148616,0.000953349739427829,5258.47436358566,0.0097054732312732,3251.45892636661
0.71,45,3.90382035050694,0.0143858186804346,0.00102324461666191,4907.60415441055,0.00990968617352732,3198.37185207873
0.7,45,3.89493349480652,0.0144069514822951,0.0011025295339051,4552.8016519431,0.0101458281114041,3145.01652952016
0.69,45,3.88591194131,0.0144309044389071,0.00120078477678993,4190.05489319967,0.010446474933582,3091.11927561274
0.68,45,3.87668120648127,0.0144478981437191,0.00131037637860108,3834.86919902338,0.0107618216767117,3044.11446378423
0.67,45,3.86716809688283,0.0144513243800215,0.00144206887533086,3494.42424255285,0.0111058267757013,3010.54687100537
0.66,45,3.85730544863247,0.014440022646838,0.0015762394317529,3184.76105026271,0.0114297588823611,2990.12949497797
0.65,45,3.84703883365722,0.0144010015337911,0.00171507392219513,2933.03194148579,0.011715911789389,2994.46202448005
0.64,45,3.83633488621733,0.0143936072879859,0.00172475078170689,2933.77973734219,0.0119606554971058,2979.83757833458
0.63,45,3.82519039353153,0.0144436993354744,0.00149966542477548,3393.43992811805,0.0121301321428508,2930.75615440145
0.62,45,3.81364041839302,0.0144503777174756,0.00135271986417138,3696.06233327788,0.0122011376896059,2921.11413126317
0.61,45,3.80176185571163,0.0143808212452457,0.00134298860961056,3722.92473151856,0.0120992269485249,2980.72811166192
0.6,45,3.78967137784744,0.0143134319117035,0.00132040983602094,3788.54060800608,0.011925276624837,3052.30957149212
0.59,45,3.7775151776838,0.0142497202523672,0.00127602858637881,3919.9218497391,0.0116290738046868,3144.20006399456
0.58,45,3.76545231429994,0.0141935749206277,0.00121995516210565,4105.68220710259,0.0113003393944886,3235.98613550068
0.57,45,3.75363569855139,0.0141498421399061,0.00114470073988358,4380.65143606506,0.0109182369512533,3327.60090449213
0.56,45,3.74219394520721,0.0141120843113893,0.00107103317217124,4680.33439517656,0.0105394304058642,3414.21890258943
0.55,45,3.73121990909748,0.0140838045459067,0.000999882830798709,5019.22072933249,0.0101658521412158,3492.91052606853
0.54,45,3.7207656673611,0.0140579409281713,0.000936049477708778,5350.13733560105,0.00981702695986224,3561.29816413513
0.53,45,3.71084600736129,0.0140357843582823,0.000883442435463473,5668.8261455202,0.00950617994612327,3613.87660055872
0.52,45,3.70144475986787,0.0140129161217299,0.000845107254566038,5910.25384714188,0.00921699489234421,3663.23529084692
0.51,45,3.69252484213622,0.0139889915494734,0.000827955975458268,6037.00192215841,0.00895996295589001,3707.81487179139
0.5,45,3.68403656249375,0.0139782818120372,0.00079177420168203,6342.3181123074,0.00875497933297008,3730.54724723595
0.49,45,3.67592574247313,0.0139861625085149,0.000728820609847278,6898.84128223604,0.00862321650669608,3722.54529753973
0.48,45,3.66813891078214,0.0139480671519127,0.000742776726595762,6831.05867565151,0.00849432206743847,3742.21655269734
0.47,45,3.66062639063711,0.013846062147558,0.000863642246284207,5895.45119950898,0.00836941486918036,3800.35532857318
0.46,45,3.65334146846992,0.0138376187855588,0.000882909145121851,5732.24752377381,0.00826369970108423,3815.26147562371
0.45,45,3.64624582697318,0.0139550692783376,0.0007654678620912,6608.36818470378,0.00818380877674097,3771.9950408557
0.44,45,3.63930701911854,0.0140371276094786,0.0006919062995516,7191.01047944996,0.0081223650930443,3744.50269520624
0.43,45,3.63249840250127,0.0140730803982328,0.00067550706390593,7391.33706852716,0.00808495272012928,3737.55933274443
0.42,45,3.62579808083212,0.0141129613752063,0.00065881070167113,7592.49867183608,0.00805483459881618,3728.83749019985
0.41,45,3.61918829956199,0.0141576973798587,0.00064174710708038,7794.69230746651,0.00803373177703751,3717.91754269028
0.4,45,3.61265467220841,0.014203851788362,0.000631034568316325,7922.51927012956,0.00801648568463429,3709.35805992227
0.39,45,3.60618560574138,0.0142517387869379,0.000628079887986633,7959.50682957235,0.0080039506137259,3703.68190109345
0.38,45,3.59977163981619,0.0143046474142408,0.000625851048099887,7987.49652635437,0.00799726570867559,3696.65815069771
0.37,45,3.59340493112782,0.0143634967191198,0.000624480890580503,8004.84158892534,0.00799750165560769,3688.04017511354
0.36,45,3.58707882119998,0.0144283318703489,0.000625634868641577,7990.18777431261,0.00800527283461806,3678.09351490549
0.35,45,3.58078733335878,0.0145000258451881,0.000629681102818545,7938.8683586312,0.00802167818575126,3666.62439439093
0.34,45,3.57452473227111,0.0145796546459298,0.000635157152048364,7871.13510968386,0.00804888865575868,3650.78167891447
0.33,45,3.56828503946964,0.0146679145703556,0.00064218848563076,7785.54767883138,0.00808785241671049,3630.18157625346
0.32,45,3.56206147737136,0.0147601283776878,0.000662611557333419,7548.33982902125,0.00813947032086603,3609.89766775193
0.31,45,3.55584572101066,0.0148565932352842,0.000697432868240081,7148.11601811939,0.00820469343288429,3589.95371804456
0.3,45,3.54962703637002,0.0149745207755716,0.000737771395565698,6750.9675345851,0.00830742842797575,3558.562485191
0.29,45,3.54339113845772,0.0151148024569445,0.000783856298402882,6357.02211298151,0.00844923337246125,3515.24850315558
0.28,45,3.53711865757696,0.015277815745375,0.000844270588650106,5921.86526625367,0.00864810554288344,3459.35169447658
0.27,45,3.53078321958685,0.0154637648702762,0.00091914300698003,5445.1267352663,0.00890455765292949,3390.75901024831
0.26,45,3.52434872357578,0.0156202196683585,0.00107096949849954,4784.16482804238,0.00921490771080334,3324.81979648236
0.25,45,3.51776565722816,0.0157484194518642,0.00129651655577608,3946.72036493903,0.00957689099668347,3261.4225578919
0.24,45,3.51096570433729,0.0160226238753102,0.00140241145880059,3553.33003643968,0.0101224147707109,3146.64495569823
0.23,45,3.50385589800067,0.0164350801468851,0.00139500769224379,3580.41473396237,0.0108417331015635,2983.21526800521
0.22,45,3.49631044507071,0.0165602574567523,0.00165437731322665,3197.70002772086,0.0115060835983324,2904.85787071754
0.21,45,3.48817442484744,0.0164271815165527,0.00215356642518083,2446.59068767627,0.0121210200283109,2902.97734231448
0.2,45,3.4792806983738,0.016589883124578,0.00225392461994595,2242.7798056499,0.012776711339228,2847.82479405861
0.19,45,3.46947382338322,0.0170153944795368,0.00199990617914602,2525.26468918098,0.0134686149320105,2745.33800376793
0.18,45,3.45866101213993,0.0173646469732201,0.0018370156843969,2725.3264072679,0.0138205673691858,2743.32319152126
0.17,45,3.44687219723371,0.0176482672510206,0.00175255448859249,2854.45059891278,0.0138799407242554,2827.77962265353
0.16,45,3.43430564555115,0.0177460629294209,0.00190158229763327,2686.26465412411,0.0136104253513383,3014.43495854768
0.15,45,3.42132574350318,0.0176889600817178,0.00224524043456714,2270.24875529385,0.0130667569363504,3286.28062859613
0.14,45,3.40839170999365,0.0178850941737315,0.00227945217033856,2210.69208673357,0.0125495677391677,3404.00474658191
0.13,45,3.39594190746271,0.0182856598834692,0.00206385584706771,2438.89571561721,0.0120537545281977,3397.31053030129
0.12,45,3.38429055968653,0.0189146385922467,0.00188043153254251,2675.31315440455,0.0119077436819178,3255.15933222368
0.11,45,3.37358191394461,0.0197221718777823,0.00172215665972678,2918.15147710433,0.0120351796772743,3007.11895903191
0.1,45,3.36380135491115,0.0208771953779137,0.00205765907554025,2623.180639068,0.0128105753899439,2709.45202648447
0.09,45,3.35480603735907,0.022289878094452,0.00275929056182457,1929.43170279701,0.0140664243240668,2374.98768250079
0.08,45,3.34632492889936,0.025179940099178,0.004276508900586,1360.95686934827,0.019485846180031,1900.54943580495
0.07,45,3.33787987669439,0.0291524997480864,0.00639131978277321,884.272222933037,0.0279559794648821,1323.55024139283
0.06,45,3.32855781204323,0.034080950295586,0.00958353290735696,582.988702654244,0.043629381003327,930.00519811439
0.05,45,3.31647171011601,0.039673402691383,0.0135241547482128,403.54614991643,0.0643064743241873,663.89509077899
0.04,45,3.29772031853685,0.0433193117946558,0.0148835451520735,336.056220617048,0.0949146598794432,471.155368039872
0.03,45,3.2654139847652,0.0394218078749101,0.0185559334639275,295.421804681553,0.103310529919237,592.448015462341
0.02,45,3.21152725832389,NaN,NaN,NaN,NaN,NaN
0.00999999999999999,45,3.13498225073381,NaN,NaN,NaN,NaN,NaN
-8.67361737988404e-18,45,3.04226024576125,NaN,NaN,NaN,NaN,NaN
-0.01,45,2.89989831714722,NaN,NaN,NaN,NaN,NaN
-0.0197373230555555,45,2.50001,NaN,NaN,NaN,NaN,NaN
1,35,4.192578884,0.0161505248172086,1.50878254458019e-05,320742.123218209,0.00497802030056928,7087.96275475509
0.99,35,4.15937726382907,0.0161505248172086,1.50878254458019e-05,320742.123218209,0.00497802030056928,7087.96275475509
0.98,35,4.14016796928463,0.0161065719911036,1.58865570226669e-05,306185.50793579,0.00499594818002673,6925.9842451075
0.97,35,4.12533041605403,0.015801307133199,2.14339746274693e-05,205085.681382081,0.00512046239356187,5800.99750106828
0.96,35,4.11442156672945,0.0154679431792539,0.000155481181411269,112847.211321653,0.0052069526623236,4930.95117239103
0.95,35,4.10677160049715,0.0150429215776277,0.000708687367068866,49513.9804284732,0.00516941099324471,4892.50592928385
0.94,35,4.10147584884366,0.014783438937922,0.0011242970783797,1538.64489220572,0.00529322130067911,4747.76866140417
0.93,35,4.09752424351254,0.0150602723861602,0.0010941192724778,3320.0932653639,0.00593978262588996,4258.66459162934
0.92,35,4.09396013232091,0.0152865016554661,0.00101063193982971,5157.95212186032,0.00667994173159282,3773.54308430334
0.91,35,4.08999837707027,0.0153557671283668,0.000761789376068231,7170.78474156461,0.00771042197817992,3300.77466983603
0.9,35,4.08508615769559,0.0154039223457153,0.000557167627837611,9067.12572301626,0.00865971050519799,2921.58553355496
0.89,35,4.0789294926452,0.0153909705577479,0.000480550090785477,10626.2630576239,0.00937397663624942,2813.27655954779
0.88,35,4.0714667737048,0.0153501852539807,0.000487745746717746,10957.8716908964,0.00998147951204686,2758.45562169585
0.87,35,4.06280865994174,0.0152300449039357,0.000733897913062043,7789.72134283208,0.0102845938541624,2856.13232787025
0.86,35,4.05317086087153,0.0151055485223647,0.000925378688503481,5407.44297274367,0.0105381977854413,2945.52560918476
0.85,35,4.04281528164663,0.0149691303450952,0.000967232183009893,5175.97666881418,0.0106562992531995,3012.24841663449
0.84,35,4.03200699950931,0.0148467988791706,0.000995802046480044,5017.38598972021,0.0107065673994374,3079.38240925943
0.83,35,4.02098509996986,0.0147615043973223,0.000989446396171756,5050.4009516108,0.0105784872010907,3147.5974958611
0.82,35,4.00994661824754,0.0146812396146055,0.000975951939961467,5123.30796323633,0.0104379115579326,3211.24923827745
0.81,35,3.99904025449987,0.0146136879380434,0.000944413383124885,5297.04642615608,0.0102657523325002,3263.36663688297
0.8,35,3.98836671175131,0.0145493431911544,0.000912484010650305,5481.00859354814,0.0100979748852529,3308.15469452274
0.79,35,3.97798362883214,0.0144926094954476,0.000879627109939391,5689.23482219068,0.00994059677364356,3335.54792442661
0.78,35,3.96791337256389,0.0144504147656482,0.000842244912396471,5945.41361550087,0.00979590296816989,3354.84998953207
0.77,35,3.95815050591021,0.0144422493182821,0.00079427099842941,6313.82813292485,0.00968089750770719,3355.21422000097
0.76,35,3.94866964486677,0.0144232677331527,0.000782283649270183,6413.81765989318,0.00957655495175976,3358.31985854556
0.75,35,3.93943125602153,0.0143799035593706,0.000851420045566847,5908.70245635987,0.00949624955402224,3367.60539484117
0.74,35,3.93038631928117,0.0143519145339326,0.000903602512447408,5534.32381467883,0.00947338424684219,3357.03090270942
0.73,35,3.92147877291414,0.0143565596051884,0.000919799884451705,5437.43645343108,0.00957243681826602,3304.30305546666
0.72,35,3.91264545793564,0.014366081761682,0.000953350119173662,5258.47218201675,0.00970547311760404,3251.45909118459
0.71,35,3.90382035050694,0.0143858186560045,0.00102324479624047,4907.60316047971,0.00990968612478191,3198.37192731583
0.7,35,3.89493349480652,0.0144069514798255,0.00110252957134061,4552.80148763977,0.0101458281071476,3145.01654233879
0.69,35,3.88591194131,0.0144309044446825,0.00120078478930644,4190.0548352493,0.0104464749325308,3091.11928088807
0.68,35,3.87668120648127,0.0144478981695315,0.00131037633530289,3834.86929495334,0.0107618216756072,3044.11445577241
0.67,35,3.86716809688283,0.0144513244488606,0.00144206871598497,3494.42458502054,0.0111058267681908,3010.54683850848
0.66,35,3.85730544863247,0.014440022319625,0.0015762405855412,3184.75939652643,0.0114297593051605,2990.12998977125
0.65,35,3.84703883365722,0.0144009999841399,0.00171507907896807,2933.0240705014,0.0117159134644375,2994.46408505479
0.64,35,3.83633488621733,0.0143936042887581,0.00172476189015045,2933.75706782583,0.0119606578373444,2979.84186504005
0.63,35,3.82519039353153,0.0144436944738139,0.0014996860269014,3393.38686237557,0.0121301340812169,2930.76386751564
0.62,35,3.81364041839302,0.0144503728893045,0.0013527415532333,3696.00339516381,0.0122011390641447,2921.12221000136
0.61,35,3.80176185571163,0.0143808197798236,0.00134299662327327,3722.90298517997,0.0120992274748415,2980.73118125386
0.6,35,3.78967137784744,0.0143134329633452,0.0013204105297653,3788.53824015431,0.0119252773504521,3052.31045511482
0.59,35,3.7775151776838,0.0142497223859293,0.00127603274557276,3919.90863089571,0.0116290765072621,3144.20355263128
0.58,35,3.76545231429994,0.0141935772797735,0.00121995884531297,4105.67194925514,0.0113003418243919,3235.98931691528
0.57,35,3.75363569855139,0.014149843319816,0.00114469748118305,4380.66679776198,0.0109182354179655,3327.59900116485
0.56,35,3.74219394520721,0.0141120847047222,0.00107102715060388,4680.35924414903,0.0105394275564191,3414.21474700906
0.55,35,3.73121990909748,0.014083804775537,0.000999880675574713,5019.22947497234,0.0101658521746017,3492.90861141031
0.54,35,3.7207656673611,0.0140579410658172,0.000936049624044913,5350.13652983518,0.00981702852941029,3561.29768237195
0.53,35,3.71084600736129,0.0140357845139799,0.000883442482543674,5668.82584084087,0.00950618098566605,3613.87631195052
0.52,35,3.70144475986787,0.0140129161965054,0.000845107299730289,5910.25343268238,0.00921699547575463,3663.23515795268
0.51,35,3.69252484213622,0.0139889913964188,0.00082795616318952,6037.00049120169,0.00895996319281855,3707.81483903695
0.5,35,3.68403656249375,0.0139782874028038,0.000791756217248842,6342.50645063562,0.00875496989127397,3730.53525751479
0.49,35,3.67592574247313,0.013986182243933,0.000728758688356696,6899.48778446199,0.00862318425805508,3722.50438909298
0.48,35,3.66813891078214,0.0139480893228411,0.000742707351641202,6831.7814562234,0.00849428670474922,3742.17075454764
0.47,35,3.66062639063711,0.013846070477543,0.000863616132388727,5895.71941313969,0.00836940376682591,3800.33804259542
0.46,35,3.65334146846992,0.0138376191288273,0.000882908020795379,5732.25363512067,0.00826370195871673,3815.26068741056
0.45,35,3.64624582697318,0.0139550695121688,0.000765467141742251,6608.37116867372,0.00818380972716588,3771.99458416622
0.44,35,3.63930701911854,0.0140371277543207,0.000691905898815004,7191.01161023366,0.00812236526451578,3744.50247772144
0.43,35,3.63249840250127,0.0140730804807239,0.000675506872878766,7391.33800601904,0.00808495280080659,3737.55923419989
0.42,35,3.62579808083212,0.014112961414526,0.000658810641027454,7592.49934900169,0.00805483462478045,3728.83746297029
0.41,35,3.61918829956199,0.014157697399712,0.000641747078777631,7794.6926414549,0.00803373179288307,3717.91752791343
0.4,35,3.61265467220841,0.014203851853109,0.000631034485791391,7922.5203410834,0.00801648573322872,3709.3580148401
0.39,35,3.60618560574138,0.0142517389751952,0.000628079645502079,7959.50995689334,0.00800395074743226,3703.68177347672
0.38,35,3.59977163981619,0.0143046478770344,0.000625850160218739,7987.50794977901,0.00799726599703054,3696.65761968141
0.37,35,3.59340493112782,0.0143634976351165,0.000624478783022045,8004.86869017472,0.00799750218087435,3688.03886110857
0.36,35,3.58707882119998,0.0144283044201778,0.000625703741732296,7989.32715420746,0.00800526283809623,3678.14159928847
0.35,35,3.58078733335878,0.0144999370064549,0.000629903686597774,7936.08486604035,0.00802164533968933,3666.77937700242
0.34,35,3.57452473227111,0.014579562736463,0.000635387275792801,7868.25708308435,0.00804885459806728,3650.94185340252
0.33,35,3.56828503946964,0.0146678830254968,0.000642267151826494,7784.56389727464,0.00808784068407272,3630.23631131825
0.32,35,3.56206147737136,0.0147601281829295,0.000662613718406924,7548.31868244422,0.00813947106528063,3609.89935858921
0.31,35,3.55584572101066,0.0148565931954359,0.000697439109919336,7148.0558781739,0.00820469606619036,3589.9586977871
0.3,35,3.54962703637002,0.0149745201914897,0.000737773470798853,6750.93872500968,0.0083074274493655,3558.56384512766
0.29,35,3.54339113845772,0.0151148006004463,0.000783845617594533,6357.09787843044,0.00844922305264936,3515.23904762
0.28,35,3.53711865757696,0.0152778138341099,0.000844257811156613,5921.96121097862,0.00864809420962878,3459.34056448357
0.27,35,3.53078321958685,0.0154637641328334,0.00091913888792547,5445.15770527539,0.0089045537088107,3390.75542893902
0.26,35,3.52434872357578,0.0156202183782132,0.00107097084796231,4784.16110678454,0.00921490682298531,3324.8202740994
0.25,35,3.51776565722816,0.0157484159550377,0.00129652031787082,3946.71096339309,0.00957688901439101,3261.42375131285
0.24,35,3.51096570433729,0.01602261211282,0.00140241194527862,3553.32921089346,0.0101224094377773,3146.64265390192
0.23,35,3.50385589800067,0.0164350543814781,0.00139499951690029,3580.43598370016,0.0108417222816235,2983.20548357414
0.22,35,3.49631044507071,0.0165602333509855,0.00165436848246466,3197.72318670313,0.0115060739590995,2904.84802254715
0.21,35,3.48817442484744,0.0164271731504901,0.00215356413646303,2446.59762737313,0.0121210175638152,2902.97409971968
0.2,35,3.4792806983738,0.0165898821325773,0.002253925444617,2242.77895212848,0.0127767122301708,2847.82472170781
0.19,35,3.46947382338322,0.0170153934284023,0.00199990707071356,2525.26352932654,0.0134686157847977,2745.33804923665
0.18,35,3.45866101213993,0.017364643359585,0.00183701900347866,2725.32090972472,0.0138205667434804,2743.32343347332
0.17,35,3.44687219723371,0.0176482589203616,0.00175256226685498,2854.43729409311,0.0138799373804307,2827.78012879096
0.16,35,3.43430564555115,0.0177459789227321,0.00190170840900984,2686.14903915982,0.0136104181599269,3014.47852100178
0.15,35,3.42132574350318,0.0176887412494277,0.00224557980139042,2269.95205506566,0.0130667449558578,3286.40291776839
0.14,35,3.40839170999365,0.0178848925805699,0.00227976613281815,2210.41930058287,0.0125495574669116,3404.11850309993
0.13,35,3.39594190746271,0.0182855982873508,0.00206395174134066,2438.81233419889,0.0120537512092946,3397.34531193542
0.12,35,3.38429055968653,0.0189146383333435,0.00188043182019041,2675.31271309136,0.0119077433217363,3255.1594911423
0.11,35,3.37358191394461,0.0197221714662825,0.00172215707118511,2918.15075056961,0.0120351791531388,3007.11916612806
0.1,35,3.36380135491115,0.0208771955386063,0.00205765862308787,2623.18045414207,0.0128105747673655,2709.45216951101
0.09,35,3.35480603735907,0.0222898793647579,0.00275928851307985,1929.43267256317,0.014066423651621,2374.98767822802
0.08,35,3.34632492889936,0.0251799528329024,0.00427642624360673,1360.96556577341,0.0194856426480558,1900.54775918383
0.07,35,3.33787987669439,0.0291525315316152,0.00639109862434126,884.293461394484,0.0279554244717398,1323.54577499743
0.06,35,3.32855781204323,0.0340809773633782,0.00958334630160107,583.007086556372,0.0436289131220816,930.001269526109
0.05,35,3.31647171011601,0.0396734085348985,0.0135241229057779,403.550984139146,0.0643063982060556,663.894011475234
0.04,35,3.29772031853685,0.0433195791770516,0.0148835166576846,336.056920866044,0.0949158533541729,471.152127967458
0.03,35,3.2654139847652,0.0394222552309982,0.0185558508692162,295.423613838967,0.103312479088276,592.440613906732
0.02,35,3.21152725832389,NaN,NaN,NaN,NaN,NaN
0.00999999999999999,35,3.13498225073381,NaN,NaN,NaN,NaN,NaN
-8.67361737988404e-18,35,3.04226024576125,NaN,NaN,NaN,NaN,NaN
-0.01,35,2.89989831290481,NaN,NaN,NaN,NaN,NaN
-0.0197373230555555,35,2.50001,NaN,NaN,NaN,NaN,NaN
1,25,4.191440459,0.0163990190739794,0.000161628385914933,26888.3803162876,0.00552400661982284,7575.22848500248
0.99,25,4.15623992520042,0.0163990190739794,0.000161628385914933,26888.3803162876,0.00552400661982284,7575.22848500248
0.98,25,4.13730592690077,0.0163616684675083,0.00016375407282277,25904.6581402213,0.00558517128705638,7353.75252646729
0.97,25,4.12289228060186,0.0161140415943146,0.000177846941777472,19382.7815345836,0.00599068050706518,5885.41226960945
0.96,25,4.11238211588249,0.0158674385926252,0.000216912525517305,12975.0907529802,0.00633797245767227,4646.24115202651
0.95,25,4.1050564712754,0.015624175401351,0.000337437679704071,6939.86761284045,0.00649536299792568,4154.60668817335
0.94,25,4.09998269025488,0.0155013654592747,0.000411505889427736,4187.66938704628,0.00684830212514463,3676.46167972401
0.93,25,4.09614303072533,0.0157688021071278,0.000335062060032555,12071.8739648974,0.0078347830599693,3242.02005002454
0.92,25,4.09259834448281,0.0159666248753309,0.000249920671522535,27075.0952153263,0.00883351113445314,2864.32131394989
0.91,25,4.08859009543445,0.0159485196497816,0.000137801236398003,64160.0478005386,0.00987022732724202,2662.62740969537
0.9,25,4.08359075256742,0.0159292495538022,0.000113530479392119,81180.6467187297,0.0108443044442482,2519.55547144384
0.89,25,4.07732949705015,0.0159066075543712,0.0003435517477742,40121.7703237418,0.0116370627549805,2546.17417380726
0.88,25,4.06976240975552,0.0158139114867732,0.0005954662308745,9028.66316655006,0.0123235383305214,2581.3864673441
0.87,25,4.06101045256645,0.0155214870103973,0.000909799600602126,6348.57018814413,0.0127069953643027,2641.09961194733
0.86,25,4.05129372027129,0.0152851128908518,0.00115242902063407,4341.47294850829,0.0129926418121971,2703.33459690207
0.85,25,4.04087591439882,0.0152021400722329,0.00119881563710664,4176.26267772526,0.0130105955643102,2772.47147530634
0.84,25,4.03002282411987,0.0151227648754833,0.00123034819593876,4063.50279363544,0.012981934102201,2840.8816395592
0.83,25,4.01897409644501,0.0150528485978971,0.00122282625277734,4088.64622063113,0.0128307112483935,2907.38111651285
0.82,25,4.00792634644435,0.014987788556089,0.00120813446341121,4139.82530844687,0.0126658882003732,2968.81007378534
0.81,25,3.99702659673055,0.014935003173131,0.00117532011571127,4256.81233251385,0.0124666891970068,3017.42274656847
0.8,25,3.98637291067021,0.0148901603273518,0.00113655361043094,4404.11842793492,0.0122757643734665,3057.64120236741
0.79,25,3.97601997168452,0.0148641676164835,0.00108366076606345,4623.38120074096,0.0121044767769843,3077.93754523695
0.78,25,3.9659867611456,0.0148344995616144,0.00104018503000338,4807.52611046156,0.0119537283745387,3089.44394585492
0.77,25,3.95626466561099,0.0147962291536042,0.0010187505753068,4909.47565023602,0.0118510531321296,3080.37698318439
0.76,25,3.94682526520178,0.0147560499886172,0.0010115129896468,4944.10371051646,0.0117788692155801,3064.06974906918
0.75,25,3.93762656552035,0.0147115679534913,0.00103627910303796,4826.97039553504,0.0117754212445388,3031.4409254706
0.74,25,3.92861722561878,0.0147056737603699,0.00104891405737877,4766.7454623887,0.0118141509885869,2998.16007918808
0.73,25,3.91973962219839,0.0147816831260944,0.00103580035495262,4827.30984417514,0.0119424038775006,2963.49530015657
0.72,25,3.91093090753787,0.0148484440051235,0.00109440295527437,4640.69895093132,0.012138887897958,2932.16064008109
0.71,25,3.90212324469011,0.0148958345302837,0.00130321068732653,3936.39552023277,0.0124782775857314,2907.80069757053
0.7,25,3.89324624869019,0.0149334494435038,0.00147859524334759,3390.63321149612,0.0128309065442603,2872.75440054495
0.69,25,3.88422668589914,0.0149513150753927,0.0015864562816123,3165.16524743638,0.0132102822767377,2816.11888506287
0.68,25,3.87499007167087,0.0149591991160115,0.0016988400722723,2950.88068271672,0.0135980501554701,2766.45588425408
0.67,25,3.8654636599279,0.0149476234605127,0.00182004123331379,2758.39880925396,0.0140021790142782,2730.38620870205
0.66,25,3.85558148904273,0.0149215768582237,0.00193865532667582,2583.82495165634,0.0143739253482741,2707.78113293147
0.65,25,3.84529076265411,0.014868294616192,0.00205240032305828,2442.95561081764,0.014684724821465,2710.51766018402
0.64,25,3.83456068521627,0.0148053544216628,0.00214342883878985,2333.41994995961,0.0149110456865997,2728.7601988533
0.63,25,3.82339152493799,0.0147248595358756,0.00219316694597976,2280.83767318421,0.0149838147629131,2775.18710094081
0.62,25,3.81182245407617,0.014643183157111,0.00221898695113386,2253.35197347853,0.0149543298722188,2836.95773359312
0.61,25,3.79993455891637,0.0145594320642237,0.00220280651698598,2269.93612765704,0.0147452859375725,2925.67211885958
0.6,25,3.78784803446812,0.014484401473463,0.00216319463823706,2313.35870651961,0.0144584012833182,3021.25273963033
0.59,25,3.77571113808252,0.0144241697351777,0.00208381916710553,2402.32658561868,0.0140394194964303,3128.4854883191
0.58,25,3.76368340678365,0.0143796039284394,0.00191393240717389,2668.43815574343,0.0135853337897527,3183.55549795012
0.57,25,3.75191614731451,0.0143607380629311,0.00159556199047051,3225.15373080756,0.0130736601462941,3153.05259899478
0.56,25,3.74053505742545,0.0143361500783178,0.00136436005480715,3671.77140762787,0.0125956168214657,3153.99611414228
0.55,25,3.72962899842636,0.0143024850996625,0.00127143342738977,3943.74085569322,0.0121709212505444,3204.82305677893
0.54,25,3.7192467043454,0.0142869983795564,0.00118195787502336,4240.04895391826,0.0117846353978256,3252.67781041121
0.53,25,3.70939950699264,0.0142994022031013,0.00109777723905886,4573.69936317048,0.0114572808183768,3295.97239306009
0.52,25,3.70006903957867,0.0143144987254217,0.00101834833541323,4926.94871764074,0.0111628912331063,3328.06427024476
0.51,25,3.691216457601,0.0143335920541166,0.000945972487309545,5309.28903092567,0.0109174319998165,3343.52783199473
0.5,25,3.6827918562178,0.01437091738141,0.000878380155142989,5711.20398250593,0.0107102250871111,3363.54790379294
0.49,25,3.6747403302782,0.0144338912143164,0.000817517202353047,6140.65624534026,0.0105568309724881,3389.97800644523
0.48,25,3.66700841238443,0.014491119117431,0.000767438960665337,6520.3926014479,0.0104229549657199,3415.479167506
0.47,25,3.65954632500486,0.0145403598114574,0.000732352155638341,6831.02067457438,0.0103162103744221,3439.68904047397
0.46,25,3.65231055053815,0.0145727199456699,0.000723390848167867,6903.35811275407,0.010225386069688,3456.72016071891
0.45,25,3.64526313101187,0.0145823660841434,0.00074958325874443,6655.05852666101,0.0101559836446284,3464.09175778697
0.44,25,3.6383709079217,0.014600660294907,0.000764726429514301,6517.32927295747,0.0100983653494511,3467.23737137496
0.43,25,3.63160756626175,0.0146302203918182,0.000765475701446819,6523.64053305138,0.0100560982980137,3464.87777557621
0.42,25,3.62495150665756,0.0146683711037478,0.000761746904322252,6561.94728069136,0.0100210697290362,3461.36112401829
0.41,25,3.61838519414108,0.0147171393501145,0.000752483456614097,6639.79871635683,0.00999498753195698,3456.41441426989
0.4,25,3.6118944105368,0.0147693803712571,0.000744508314847026,6708.36371981472,0.00997777870547885,3450.03527912531
0.39,25,3.60546761289713,0.0148258634107069,0.000738106847660027,6765.585282372,0.00997140876230415,3441.90642649369
0.38,25,3.5990952723931,0.0148895443617683,0.000733407107357412,6808.69469144367,0.00997484784554611,3432.55018031156
0.37,25,3.5927695045113,0.0149617405724061,0.000730720540726623,6835.109167791,0.00998989118438836,3421.74190536764
0.36,25,3.58648344188635,0.0150350305055157,0.000743635464298384,6726.26980950828,0.0100184120169262,3411.06942993413
0.35,25,3.58023087071699,0.0151095736698433,0.000774427203127118,6462.45116507486,0.0100623759040567,3400.55255904403
0.34,25,3.5740057221064,0.015205566528043,0.00078613313718352,6360.37543585464,0.0101284802063101,3377.75819108162
0.33,25,3.56780163163082,0.01532489133619,0.000777078446668549,6434.23590528449,0.0102186677920143,3341.60894967085
0.32,25,3.56161128461027,0.0154339933588224,0.000783595130416553,6383.97436216577,0.0103205203685858,3306.31179343657
0.31,25,3.5554257599305,0.0155321042681395,0.000806853507390631,6200.26199951137,0.0104349146576154,3271.93076370379
0.3,25,3.54923363523483,0.0156546058113248,0.00084858457877785,5912.55769981805,0.0106042082288269,3228.6855312623
0.29,25,3.54301989468048,0.0158025110600255,0.000909555612991911,5516.54212954493,0.0108306813389175,3176.20791902872
0.28,25,3.53676458511727,0.0159666501209761,0.000988338342557542,5091.49619143001,0.0111217283764568,3113.85465885739
0.27,25,3.53044095601525,0.0161471688449272,0.0010850927945279,4637.15906559479,0.0114779294981967,3041.53702416689
0.26,25,3.52401290575962,0.0163920727625461,0.00114256113563417,4376.71309341647,0.0119207257060412,2948.57920797463
0.25,25,3.51743109069439,0.0166986564939402,0.00116239411581343,4302.01122743583,0.0124464783900646,2835.84848315558
0.24,25,3.51062764681287,0.016984397399115,0.00122114682062961,4111.0894130379,0.0130626401173865,2719.29322003721
0.23,25,3.50350950613132,0.0172504022243528,0.00131675262725076,3810.11888604635,0.0137644102015983,2599.11650017377
0.22,25,3.4959537840916,0.0174644339474625,0.00152759864931092,3362.84575514614,0.0145926210442314,2523.10923217676
0.21,25,3.48780910660724,0.0176317437579725,0.00184204139839431,2784.05194926131,0.0155344974912273,2486.8086814081
0.2,25,3.47891009542065,0.0177157803899683,0.00214711486756815,2358.99432770724,0.0162839204822794,2498.04389607676
0.19,25,3.46910452385975,0.0177258255946129,0.00244386337057486,2070.53722888023,0.0168623411631274,2551.51646973308
0.18,25,3.45831233231521,0.017764713638848,0.00260738632041799,1918.1135042916,0.0170673410537703,2646.53478958048
0.17,25,3.44658965983508,0.0178284252831608,0.00265624865089068,1882.76695127288,0.0169509562094732,2777.30947055652
0.16,25,3.43415960914622,0.0179934175929686,0.00261450253836811,1915.54530133576,0.016591897311402,2897.55852390171
0.15,25,3.42140646401822,0.0182428348166929,0.00249722759748918,2005.11078890539,0.0160305516688715,3009.03368933541
0.14,25,3.40879681382221,0.0186824576565499,0.00224484351980376,2280.65907800874,0.0155292988295999,2996.90818383351
0.13,25,3.39675876714811,0.0192756285603255,0.00188338933790088,2706.34646225703,0.0150765573528395,2885.00306032098
0.12,25,3.38557983551593,0.0200781826836224,0.00185150585554725,2725.60765845845,0.0150250511490539,2751.38740854449
0.11,25,3.37536614104145,0.0210444154604943,0.0020772537558961,2427.15814513316,0.015287197822502,2600.80024375577
0.1,25,3.36605857668868,0.0229835953902033,0.00269676371023776,1998.72378465012,0.0180911873200644,2239.21934581413
0.09,25,3.35746552959858,0.0256442022564864,0.00360824281369789,1473.90744718858,0.0227799183233766,1721.18949573674
0.08,25,3.34926391725799,0.0287938884416495,0.00586198905161117,1027.63137841857,0.0302630981025116,1303.86158573281
0.07,25,3.34092208572669,0.0323019302736928,0.00909923426133656,638.902925559937,0.039793811809327,960.319475872195
0.06,25,3.3314688117286,0.0374771759565029,0.0120229147368757,429.284365398451,0.058130419245592,692.116688082366
0.05,25,3.31890500159811,0.0438105312520616,0.0147287800168029,344.083037344163,0.0825839692334394,476.247748410724
0.04,25,3.29910854280371,0.0425165929624939,0.0155761544601809,320.972506831033,0.103930520392803,393.811130090857
0.03,25,3.26497810465248,0.0282702465314758,0.0264588560724496,209.079493765585,0.0670311912808697,985.380477049868
0.02,25,3.208777300675,NaN,NaN,NaN,NaN,NaN
0.00999999999999999,25,3.13045598872001,NaN,NaN,NaN,NaN,NaN
-8.67361737988404e-18,25,3.03548508545441,NaN,NaN,NaN,NaN,NaN
-0.01,25,2.88050547526673,NaN,NaN,NaN,NaN,NaN
-0.0197373230555555,25,NaN,NaN,NaN,NaN,NaN,NaN
1,15,4.188961997,0.0171183738506376,0.00148772209314216,1999.11700088306,0.00800060756234927,7205.09036110714
0.99,15,4.14814124456364,0.0171183738506376,0.00148772209314216,1999.11700088306,0.00800060756234927,7205.09036110714
0.98,15,4.12972455821254,0.0170447903977299,0.00150587502936481,1890.58272485648,0.00814883562035237,6918.39967110858
0.97,15,4.11649668301049,0.016600235964512,0.00161554599416484,1234.87289258932,0.00904435543776655,5186.35785783414
0.96,15,4.10712853901395,0.01643219175961,0.00150844191684113,8792.4951453498,0.00990763497485021,3713.13135748606
0.95,15,4.10070015055799,0.0171661081391536,0.000694230023368854,43141.537928115,0.0106657485574348,3084.14563742446
0.94,15,4.09619568649922,0.0177033723999071,6.65877650201016e-05,84064.1938236711,0.0115334492867196,2559.77624333762
0.93,15,4.09259684358803,0.0176035196109235,4.33971455948981e-05,146284.158989541,0.0127561924128235,2374.34469222692
0.92,15,4.08903960000052,0.0175069839997821,0.00017059628093075,170123.12177481,0.0141574213981691,2219.92764443242
0.91,15,4.08484060334866,0.0174207375947581,0.000764273627074769,74912.077809465,0.0161122769547258,2161.71123237294
0.9,15,4.07954203662493,0.0173172286857175,0.00128846059821361,3961.70814384754,0.0178628829564267,2127.18722823687
0.89,15,4.07293573275633,0.017163750702541,0.00161149658354967,3237.73387855519,0.019022256009594,2161.24468174124
0.88,15,4.06502069724433,0.0170164552179391,0.0018953707924345,2646.67573815842,0.0200033090806632,2203.91658834035
0.87,15,4.05594358469152,0.0168867864127704,0.00206759239498011,2434.56955331414,0.0204759610379983,2271.14882461227
0.86,15,4.04594299566599,0.016768255994099,0.0022069263093166,2266.09819281477,0.0208158235142009,2339.8733568966
0.85,15,4.03529835267859,0.0166802096450308,0.00225625162351133,2217.04870933342,0.0207922613789109,2412.68207637644
0.84,15,4.02428550039172,0.0166021879955802,0.00228812671362415,2185.23268295309,0.0207109337498911,2481.54634075571
0.83,15,4.01314481649771,0.0165505234305488,0.00227412142359495,2198.72710985083,0.020477728253918,2540.03978705162
0.82,15,4.00206657189973,0.0165061189268304,0.00225640894139158,2216.06704995836,0.0202404244381043,2591.66846515966
0.81,15,3.99118710250608,0.0164800650098465,0.00222932613177628,2243.12693878977,0.019992761677585,2625.94570247234
0.8,15,3.98059289062087,0.0164620357984592,0.00220185130025202,2271.00672362962,0.0197674984245984,2651.08520095921
0.79,15,3.97032761956134,0.0164630517334414,0.00217344607763162,2300.83237916844,0.0195953962370771,2654.53797569925
0.78,15,3.96040039622502,0.0164689291076616,0.00215317506183636,2322.12858306812,0.0194620675389155,2650.21486510763
0.77,15,3.9507938557324,0.0164861849588596,0.00215194262300644,2323.46111687741,0.0194194904133726,2627.69184952923
0.76,15,3.94147172050248,0.0165067199549092,0.00216142639290185,2313.55124067647,0.019425792516713,2598.94686970883
0.75,15,3.93238455635383,0.0165346470572535,0.00219506748355093,2278.29783938912,0.0195422820231349,2556.17584861166
0.74,15,3.92347490446704,0.016563694738884,0.00223797468793652,2235.05444194732,0.0197111584887775,2509.12045806622
0.73,15,3.9146801921753,0.0165951208751455,0.00230054942624644,2174.85209872828,0.0199912274485946,2452.97139741652
0.72,15,3.90593417804762,0.0166210189066131,0.00237419292799388,2107.77087877866,0.0203214485702115,2396.67146865092
0.71,15,3.89716757019288,0.0166353386821341,0.00247101923485707,2026.28229891388,0.0207567101328586,2340.0555564289
0.7,15,3.88830837810751,0.0166393392898037,0.00256978957720432,1947.30144049002,0.0212173439449866,2287.29788934912
0.69,15,3.87928190403996,0.0166224924916792,0.00267248737738517,1873.38683229583,0.0217292363070723,2242.33488200268
0.68,15,3.87001221374855,0.0165926255814776,0.00276728326662112,1807.57243818802,0.0222248852354735,2205.84887017682
0.67,15,3.86042918577353,0.0165373752010882,0.00284667391819791,1757.54988531468,0.0226888666396446,2185.88925703359
0.66,15,3.85047012106561,0.0164713802963516,0.00290936142581105,1718.58984568464,0.0230789304822899,2178.25386984727
0.65,15,3.84008824858762,0.0163851632182794,0.00294061209531279,1700.45046345252,0.023329874742398,2193.81379829133
0.64,15,3.82926175179455,0.016298791464091,0.00294812629571048,1696.13861374909,0.0234593479355515,2222.65932125175
0.63,15,3.81800241182423,0.0162121385642386,0.00291249611464768,1716.96025527641,0.0233680303267482,2275.65328664609
0.62,15,3.80636222587008,0.0161334286839094,0.00285806172208703,1750.44453278943,0.0231511095933172,2339.3301709849
0.61,15,3.79443570460006,0.0160686668295924,0.00277060693591593,1806.16453257359,0.0227136284490238,2421.76637360169
0.6,15,3.78235333086126,0.0160155115757244,0.00267300119449625,1872.74797541833,0.0221969029277672,2507.82301088671
0.59,15,3.77026941000207,0.0159820529362586,0.00255816909534784,1957.76688091115,0.0215456982415322,2600.02359238201
0.58,15,3.75834343919277,0.0159586871956455,0.00244185823510394,2050.76592521094,0.0208811928476324,2687.21987322476
0.57,15,3.74672075552682,0.0159518788430545,0.00232312146912098,2156.85637730432,0.0201948676593411,2766.20660506732
0.56,15,3.73551699353105,0.0159518894310883,0.00220860085988702,2267.44024138841,0.0195431568287748,2834.94530702068
0.55,15,3.72480903900975,0.0159627169004713,0.00210076833752948,2385.15200216954,0.0189463547327309,2887.42756541855
0.54,15,3.7146334364491,0.0159779836095514,0.0019995653329002,2504.00197339578,0.0184025141463073,2929.89066024634
0.53,15,3.70499183301225,0.0160000613565655,0.00190853386659968,2624.59827846459,0.0179399313597917,2956.9815499678
0.52,15,3.69585881913004,0.0160237991158749,0.00182752377778061,2738.32202743243,0.0175302382733498,2977.92723116385
0.51,15,3.68719152030496,0.016050000852137,0.00176138854453851,2841.84475566877,0.0171990500283394,2989.75150270586
0.5,15,3.67893776010892,0.0160799484801056,0.00169974295895654,2943.74218151114,0.0169105756684774,2996.9698707294
0.49,15,3.671043101226,0.0161151657730502,0.00164441334321128,3043.35315601634,0.0166821905696507,2997.70872189644
0.48,15,3.66345470495856,0.0161523700129828,0.00159656270038157,3132.89030458609,0.0164877020337443,2996.99156300209
0.47,15,3.65612444724341,0.016192336236026,0.00155910830717674,3208.42419224222,0.0163403318834134,2994.2504572068
0.46,15,3.6490101595886,0.0162361110223529,0.00152692167071238,3275.14254535496,0.016221238131676,2990.12667692937
0.45,15,3.64207547404349,0.016285010501886,0.001501823176198,3329.99896875321,0.016140192288553,2984.14240963955
0.44,15,3.63529014151988,0.0163381747945561,0.00148202739306251,3373.89745837249,0.0160829220448874,2977.15611619873
0.43,15,3.62862896982841,0.0163968948801973,0.00146913947802353,3403.52099396413,0.0160566243911352,2968.86447838107
0.42,15,3.62207140043997,0.0164650012771889,0.00145297059449406,3441.66076271317,0.0160480511632313,2956.73300471504
0.41,15,3.61560052200582,0.0165447086461466,0.00143274661178253,3490.32613395154,0.0160613843647761,2939.85570211063
0.4,15,3.60920260433495,0.0166347486464208,0.00141434639892843,3535.49595492718,0.0161009379394521,2920.01067229309
0.39,15,3.60286634808631,0.0167374100270126,0.00139817393351617,3576.39593718177,0.0161725198804973,2896.54054324486
0.38,15,3.5965824191901,0.0168540343559904,0.00138091279460528,3621.11882605316,0.0162721733423938,2868.70515922897
0.37,15,3.59034259775463,0.016987177105362,0.00136236373526203,3670.36428257122,0.016405035920997,2835.70559966155
0.36,15,3.58413938994701,0.017133308817648,0.00134900302773647,3706.09440317398,0.0165738880751876,2799.00226871581
0.35,15,3.57796589928903,0.0172943238062997,0.00134158734249588,3726.33810804614,0.0167839785332582,2758.05500749003
0.34,15,3.57181506258511,0.0174656879034642,0.00134378625186239,3720.09177843456,0.017035487082537,2712.9660679445
0.33,15,3.56567919269692,0.0176483092653366,0.00135644345687976,3685.0308576983,0.017332048248265,2663.37200903319
0.32,15,3.55954932854689,0.0178407074258743,0.00138999600430971,3600.05088498889,0.017688772277483,2610.83849967135
0.31,15,3.55341463018025,0.0180436171932377,0.00144601435383375,3461.40002619345,0.0181101809123844,2555.14461558183
0.3,15,3.54726170964224,0.0182503836998972,0.00151717240046618,3303.04574388185,0.0185820171632942,2497.34398943291
0.29,15,3.54107391764386,0.018461167136574,0.00160409897566626,3124.16965097056,0.0191063755550326,2437.34911711706
0.28,15,3.53483045413231,0.0186493403913934,0.00177388798511134,2856.44342858457,0.0197633072066483,2377.29808703913
0.27,15,3.52850488329493,0.0188147003258724,0.002027283896462,2499.06881332944,0.0205540032067877,2317.1903946564
0.26,15,3.52206228103144,0.0189716569588571,0.0022473884585105,2235.80927253482,0.0213404435890193,2256.10123440113
0.25,15,3.51545462091527,0.0191205633858592,0.00243560052931524,2062.71021640227,0.022122807168727,2194.07184624321
0.24,15,3.50861411223854,0.0192369835226563,0.00262009862923652,1914.80919594718,0.0229457713576475,2140.44925888062
0.23,15,3.50144592527387,0.0193226423791165,0.00280107996874014,1790.76820489284,0.0238071802786062,2094.78707433317
0.22,15,3.49382377265767,0.0193865927348559,0.0029403825960495,1701.98856628818,0.0246158268246642,2072.2454903316
0.21,15,3.48559539753345,0.0194310279446486,0.0030422175897431,1644.9075902579,0.0253770419308482,2070.48847822831
0.2,15,3.47660399250604,0.0195090549460793,0.00310446440152183,1610.67536130973,0.0259854535324851,2097.2174879116
0.19,15,3.46672713607585,0.0196169295485617,0.00313153558846683,1596.74512443104,0.0264580933333159,2149.25742542492
0.18,15,3.45593081252425,0.0198661940714358,0.00311410717122129,1606.00534447864,0.0267899253814508,2198.82375205348
0.17,15,3.44432507622006,0.0202371458792178,0.00305838015391691,1635.22443946813,0.0270005711875106,2246.26116460065
0.16,15,3.43219298270132,0.0208273668263421,0.00295888065612263,1692.77114948621,0.027233573752804,2240.77632186544
0.15,15,3.41996066341857,0.0216003647933747,0.00282289356339389,1773.93101852694,0.0274852123278879,2191.17687122705
0.14,15,3.40809981610696,0.0226959265707717,0.00251566024712601,2048.12215257409,0.0275891209566658,2082.09379711569
0.13,15,3.39700120568275,0.0240518857516663,0.00207018429316729,2478.14242363685,0.0275737710288391,1924.99113554504
0.12,15,3.38687967891694,0.0257402900615482,0.00271689592295475,2204.36507410582,0.0305516907564637,1702.37280782739
0.11,15,3.37774561813704,0.0276885727476657,0.00421739036097071,1380.41638232782,0.0358695035667864,1428.53969772401
0.1,15,3.36942909079934,0.0302159484967288,0.0070910475470447,847.398345212593,0.0440312401497516,1158.28400998596
0.09,15,3.36161651464334,0.033172713789894,0.0109828860309006,530.101388463099,0.0543017071084261,890.68093174507
0.08,15,3.35386624273694,0.0371968496760993,0.0143649929145384,358.05434018945,0.0673165957308744,670.975782723356
0.07,15,3.34555249857935,0.0420030637744967,0.0173736119194618,292.434047049016,0.0823423626764666,486.366154503611
0.06,15,3.33557325898381,0.0457544255162865,0.0160991875591449,314.961586054959,0.101114816898731,359.557271989541
0.05,15,3.32153269250295,0.047630117626847,0.0146699723114074,341.21549318442,0.12723409567479,272.885896483804
0.04,15,3.29857345643041,0.0362398326124832,0.0226904364227921,256.158718650945,0.111466654826179,547.217819961351
0.03,15,3.25892368852498,NaN,NaN,NaN,NaN,NaN
0.02,15,3.19578543457285,NaN,NaN,NaN,NaN,NaN
0.00999999999999999,15,3.11233639381867,NaN,NaN,NaN,NaN,NaN
-8.67361737988404e-18,15,3.01057679147723,NaN,NaN,NaN,NaN,NaN
-0.01,15,2.81515658733974,NaN,NaN,NaN,NaN,NaN
-0.0197373230555555,15,NaN,NaN,NaN,NaN,NaN,NaN
1,5,4.187562578,0.0175976289758299,0.0027073661643308,817.518469729039,0.0105297711282724,6000.67392213509
0.99,5,4.14287138099441,0.0175976289758299,0.0027073661643308,817.518469729039,0.0105297711282724,6000.67392213509
0.98,5,4.12466347246283,0.0175446392314855,0.00265405981214466,786.639614962504,0.0106739428730242,5743.99442185003
0.97,5,4.11221947532414,0.0172400028049596,0.0023476032167785,609.118019271345,0.0115027818431034,4268.35179143762
0.96,5,4.10365460141144,0.0172302855616742,0.00192349426666206,1595.65658933192,0.0124471396713439,3028.40881480874
0.95,5,4.09783965141186,0.0181825778632071,0.0011156100497199,6379.29298765789,0.0137683134222951,2557.30465754314
0.94,5,4.09368246022026,0.0188973537849397,0.00054578155948582,9504.68336634392,0.0152516153491832,2163.84271840659
0.93,5,4.09019467397461,0.0188426198936398,0.000747210268037402,7257.65864840307,0.0172601830386151,2021.92742546837
0.92,5,4.08657942136257,0.0187629743190801,0.0010096406041444,5217.85481339077,0.0192943783137598,1911.49016672224
0.91,5,4.08219938267387,0.0186060578063925,0.00146128549229087,3820.80770648256,0.0214080651097834,1898.69132153043
0.9,5,4.07664230319651,0.0184499800840817,0.00187698772794206,2690.43701059232,0.0233318750231466,1898.5255492311
0.89,5,4.06973647488271,0.0182963303744441,0.00218864821707439,2332.00376593345,0.0247060559824939,1934.92822350947
0.88,5,4.06150893145082,0.0181537671665358,0.0024571300469934,2037.84562977542,0.025852732552819,1977.46760731785
0.87,5,4.05213657460015,0.0180428122492981,0.00260250689352632,1926.93973693155,0.0263507802740529,2037.50312320866
0.86,5,4.04188766453754,0.0179445126604039,0.00271797652134315,1839.73116533925,0.0266987853248564,2097.63545983325
0.85,5,4.0310593953033,0.0178808487802071,0.00275159464066683,1817.37855745594,0.0266361464094107,2158.03278007895
0.84,5,4.01993009084661,0.0178265062198168,0.00277363639077407,1802.69501173105,0.0265185162247928,2214.26407594775
0.83,5,4.00873258613976,0.0177966714075296,0.00276524138443501,1808.17507453684,0.0262563022043301,2259.54200060507
0.82,5,3.99764515265496,0.0177740198719823,0.00275647347455227,1813.92219554733,0.0259986778055914,2298.27659761832
0.81,5,3.98679188152767,0.0177695248418927,0.00274676301080854,1820.34433492715,0.0257526541699719,2320.47222942347
0.8,5,3.97624858133531,0.017771449155649,0.00274101451733192,1824.14305677623,0.0255391418495628,2335.03776360473
0.79,5,3.96605042617804,0.0177886085882109,0.00274466902347196,1821.71558499618,0.0254027890896376,2331.49468005408
0.78,5,3.95619991541892,0.0178096280855163,0.00275600444232997,1814.32252888319,0.0253110302052612,2321.28678108705
0.77,5,3.94667463864754,0.0178396822854412,0.00278531747733284,1795.30723823241,0.0253236458407453,2295.47949990705
0.76,5,3.93743340846637,0.0178700255032562,0.00282369595478742,1771.11412825801,0.0253867111713034,2264.7594057444
0.75,5,3.92842239881028,0.017901020247936,0.00288251046579577,1735.24877062488,0.0255635041733795,2222.96446206486
0.74,5,3.91957995096003,0.0179279042894254,0.00294798252944878,1696.71498827094,0.0257907453076539,2178.77243101161
0.73,5,3.9108397043553,0.0179460632713319,0.00302758539768888,1652.51741468659,0.0261250637323271,2129.49252832381
0.72,5,3.90213241922396,0.0179548851939606,0.00311058504922109,1608.1124268666,0.0265037189269208,2081.20207524202
0.71,5,3.8933865566925,0.0179441512532072,0.00320069904243438,1563.27302342011,0.0269752346024821,2034.98396000693
0.7,5,3.88452853335947,0.0179220629808648,0.00328383830705041,1522.96575122121,0.0274624781010929,1993.44476222489
0.69,5,3.8754835889639,0.0178770360024593,0.00335288680393559,1491.81456414374,0.0279814958972138,1961.35819591713
0.68,5,3.86617769667547,0.0178226265307656,0.00340546202755094,1468.2576902818,0.028468635541365,1937.62256205089
0.67,5,3.85654092694237,0.0177499253395184,0.00342592164121882,1459.50637431073,0.0288936268633381,1930.16755951985
0.66,5,3.84651379780261,0.0176739252943878,0.00342636751248546,1459.3708891064,0.0292278106016175,1933.65286920532
0.65,5,3.83605407994153,0.0175917165058185,0.00338914569788164,1475.45118205733,0.029391086197449,1957.72884282734
0.64,5,3.82514421974934,0.0175133460571362,0.00333582829257052,1499.42908152215,0.0294198886279218,1993.04079237653
0.63,5,3.81380849341678,0.0174419523327312,0.00325325488029963,1537.76199506116,0.0292042671081852,2048.775713403
0.62,5,3.80210983264473,0.0173799775235207,0.00316129993624232,1582.77755239445,0.0288577842718656,2112.52859840969
0.61,5,3.79015261928999,0.017334542428679,0.00305287092347482,1639.52790267405,0.0282815075841823,2190.36111268517
0.6,5,3.77807534431018,0.0172994758174927,0.00294233925470068,1700.93808814335,0.0276292785036184,2269.72959395947
0.59,5,3.76603585789628,0.0172820047137418,0.00282823934001629,1770.25609962206,0.0268481568156029,2351.70463947659
0.58,5,3.75419230974129,0.0172728176524885,0.00271703917092924,1842.04210109504,0.0260620434793309,2428.22618732456
0.57,5,3.74268446933042,0.0172772205526557,0.00261059603089028,1917.87683708596,0.0252677413502987,2495.80127902493
0.56,5,3.73161894743287,0.0172873620489447,0.00250946350967799,1994.22041959374,0.0245171222059659,2554.28385350425
0.55,5,3.72106268204477,0.0173066066767577,0.0024167552198676,2071.37118502048,0.0238357973535877,2598.34297346802
0.54,5,3.71104317386939,0.0173298810725233,0.00233044934383375,2147.02589217905,0.0232165299714427,2633.98936347984
0.53,5,3.70155443955396,0.0173593382617993,0.00225396656501359,2220.38522663622,0.0226924761422191,2656.72826780976
0.52,5,3.69256587298515,0.0173917651586205,0.00218541405225178,2288.91247475773,0.0222312058637591,2673.90408005396
0.51,5,3.68403164913513,0.0174286000293877,0.00212863253230241,2350.26739686801,0.0218631259927004,2682.82252533545
0.5,5,3.67589867848999,0.0174702981980074,0.00207614095451607,2409.12812189751,0.0215473276975404,2687.56246543001
0.49,5,3.66811234483904,0.0175188379820206,0.00202968440383076,2464.48004741275,0.021305078349066,2686.42414631113
0.48,5,3.66062115988748,0.0175724855709693,0.001989825165934,2513.18417785083,0.0211106244037924,2682.7720332514
0.47,5,3.65337829469399,0.0176332333347341,0.00195913661382222,2552.64744890121,0.0209826091190413,2675.62558619561
0.46,5,3.64634288672449,0.0177016696346472,0.00193311214368377,2586.68487641833,0.020896678670236,2665.77272229032
0.45,5,3.63948030320978,0.0177804514076509,0.00191336352809256,2613.42144494423,0.0208673763661651,2652.27818171882
0.44,5,3.63276137058051,0.0178686166050669,0.00189958422610418,2632.17200735394,0.0208809923584989,2636.09506662283
0.43,5,3.62616210059286,0.0179690056354435,0.00189358117819581,2640.51916046474,0.0209505182258583,2616.40953231981
0.42,5,3.61966272185942,0.018082802638531,0.0018870631873888,2649.64463790581,0.021053386900723,2592.67182970677
0.41,5,3.61324706876029,0.0182131711689982,0.00187990875507584,2659.73208202356,0.0211974654780399,2563.92586674402
0.4,5,3.60690177206734,0.0183551395027668,0.00187902488149517,2660.97541234237,0.0213829583704844,2532.45090672
0.39,5,3.60061573019542,0.0185112770761601,0.00188580053859365,2651.41559674312,0.0216190391340928,2497.64245799004
0.38,5,3.59437952673515,0.018676762101141,0.0019040644172352,2626.46403352052,0.0219014794708657,2460.38654307732
0.37,5,3.58818479542402,0.0188533053303541,0.00193591906967179,2583.30375457329,0.0222387640208836,2420.23523141968
0.36,5,3.58202384242146,0.0190376528146633,0.00197460910229589,2533.11888382688,0.0226105863144516,2378.86332674507
0.35,5,3.57588907892653,0.0192309427284945,0.00202113138858529,2474.88495313689,0.0230219833443316,2336.0928174766
0.34,5,3.56977248482775,0.0194246840552912,0.00208352095409921,2402.23829032039,0.0234728591726285,2292.3939198258
0.33,5,3.56366513274451,0.0196189164074973,0.00216317018620195,2313.91414760219,0.0239666781475331,2247.6851657455
0.32,5,3.55755665669431,0.019806430909219,0.00225845063809841,2217.68930956086,0.024492390795526,2203.94880939499
0.31,5,3.55143484808909,0.0199867226578265,0.00237053712664368,2112.9699728877,0.0250523941927925,2161.25793459357
0.3,5,3.5452852935574,0.0201520116750042,0.00249859798936058,2005.797709484,0.0256404176855762,2119.73886008793
0.29,5,3.53909081484184,0.0203016748181996,0.00264329672624844,1896.07063636726,0.0262576250962064,2079.44025692379
0.28,5,3.53283141232527,0.0204274179150094,0.00280170542303567,1789.35151547014,0.0269058246007352,2040.55641891859
0.27,5,3.52648199867209,0.020529026058629,0.00297394725522233,1685.66737138069,0.0275852946439349,2003.10005686122
0.26,5,3.52000916201728,0.0206159797925237,0.00312227708240282,1603.28343624407,0.0282767925874474,1966.64624143433
0.25,5,3.51336569799908,0.0206888948754286,0.00324769965510832,1541.30470371288,0.0289798130349571,1931.15284696676
0.24,5,3.5064831336788,0.020764834115097,0.00334207044196566,1496.49235476006,0.0297647879956494,1901.41090063089
0.23,5,3.49926382813476,0.0208436369299348,0.00340703828119775,1467.93486083355,0.0306273657155047,1877.11500268053
0.22,5,3.49157706382897,0.0209766058133301,0.00344216070876307,1452.57860485067,0.0316066289653719,1863.66252068694
0.21,5,3.48326783738476,0.0211582680057138,0.0034504532058778,1449.08977759834,0.0326907882270535,1859.95787193534
0.2,5,3.47418404144293,0.0214730312898681,0.00343915388085254,1453.92196695117,0.0338745687369447,1860.69478026206
0.19,5,3.46422116693422,0.0219060600220075,0.00341044646704746,1466.14770013909,0.0351468665639488,1865.37818317144
0.18,5,3.45337877483433,0.0225258742732665,0.00337012282783765,1483.87922353369,0.0363903718090243,1854.24407449706
0.17,5,3.44181240489186,0.0233064455475075,0.00331980168013172,1506.34930721371,0.0376090967082967,1829.49661889318
0.16,5,3.42985005393354,0.0242892558449784,0.00328677799109693,1521.2849810681,0.0387316518724473,1771.75340944056
0.15,5,3.41794419657607,0.0254406473029632,0.00326817301122197,1529.94016794276,0.0397740424605721,1686.50580253285
0.14,5,3.40656041024301,0.026723786104453,0.00325762656151482,1534.66358823914,0.0400086682373684,1577.23902601482
0.13,5,3.3960505533218,0.0281132811215633,0.00325358555434116,1536.2129952853,0.0395912064186309,1448.58219642906
0.12,5,3.38656793823123,0.0300110168774071,0.00513849645121811,1244.9894389428,0.0456122753572887,1256.18100956837
0.11,5,3.37804758345196,0.032306053620398,0.0085000352508929,724.89995647614,0.0566664603583539,1013.94970453675
0.1,5,3.37023002419655,0.035252586609634,0.0130954558970823,427.367544698754,0.0689896817254973,800.370247684114
0.09,5,3.36271126086009,0.0386821951079021,0.0186057829675616,294.85814085353,0.0822538761098405,608.035742315915
0.08,5,3.3550064153094,0.0418471828784809,0.0194698003815648,259.598469114928,0.0917871240696289,462.238902072732
0.07,5,3.3464772266818,0.0448172008847417,0.0169297492006237,295.627069591255,0.0986167030908871,350.623887683883
0.06,5,3.33585350430784,0.0473065098950917,0.0145462609654826,345.902409376383,0.118843625499707,276.008206768881
0.05,5,3.32030450578737,0.0405904778230781,0.0187511392170648,274.280262555825,0.129325353661895,273.029880862642
0.04,5,3.29439180481574,0.0232096762838631,0.0303519119470034,164.283058118676,0.0678884362390713,595.68996035132
0.03,5,3.25012252661522,NaN,NaN,NaN,NaN,NaN
0.02,5,3.18202777170782,NaN,NaN,NaN,NaN,NaN
0.00999999999999999,5,3.09510042285023,NaN,NaN,NaN,NaN,NaN
-8.67361737988404e-18,5,2.98546884367292,NaN,NaN,NaN,NaN,NaN
-0.01,5,2.74617664175841,NaN,NaN,NaN,NaN,NaN
-0.0197373230555555,5,NaN,NaN,NaN,NaN,NaN,NaN
1,-5,4.187562578,0.0175976287950588,0.00270736630901948,817.518377699499,0.0105297711482331,6000.67384282479
0.99,-5,4.14287137548519,0.0175976287950588,0.00270736630901948,817.518377699499,0.0105297711482331,6000.67384282479
0.98,-5,4.12466347228966,0.0175446390207321,0.00265405998311381,786.639522393727,0.0106739427987572,5743.99435848693
0.97,-5,4.11221947495224,0.0172400024218493,0.00234760353884327,609.117923608302,0.0115027812270973,4268.35181980253
0.96,-5,4.10365460141144,0.0172302851133985,0.00192349460692712,1595.65743042343,0.0124471385942896,3028.40890656545
0.95,-5,4.09783965141186,0.0181825776994192,0.00111560997468824,6379.29783123735,0.0137683121474012,2557.30472026042
0.94,-5,4.09368246022026,0.0188973538765695,0.000545781204404733,9504.6903894013,0.0152516141488507,2163.84274785835
0.93,-5,4.09019467397461,0.0188426201465055,0.00074721007108348,7257.66194471813,0.0172601827953742,2021.92740796281
0.92,-5,4.08657942136257,0.0187629746467012,0.00100964054078261,5217.85522586107,0.0192943787408455,1911.49012023575
0.91,-5,4.08219938267387,0.0186060579405239,0.00146128548641855,3820.80784960349,0.02140806531771,1898.69130182199
0.9,-5,4.07664230319651,0.0184499800815064,0.00187698775201477,2690.43696772963,0.0233318750608631,1898.52554905373
0.89,-5,4.06973647488271,0.0182963303995292,0.0021886481913603,2332.00377840259,0.0247060559916909,1934.92822188562
0.88,-5,4.06150893145082,0.0181537672024355,0.00245712999882206,2037.8456719916,0.0258527325449145,1977.46760555616
0.87,-5,4.05213657460015,0.0180428122479846,0.00260250690081592,1926.93973595095,0.0263507802815999,2037.50312504013
0.86,-5,4.04188766453754,0.0179445126352351,0.00271797656374428,1839.73113650166,0.026698785342037,2097.63546382272
0.85,-5,4.0310593953033,0.0178808487677418,0.00275159466248626,1817.37854274405,0.0266361464203022,2158.03278229862
0.84,-5,4.01993009084661,0.0178265062169051,0.00277363639693723,1802.69500773402,0.0265185162296695,2214.26407681026
0.83,-5,4.00873258613976,0.01779667140589,0.00276524138789192,1808.17507228691,0.0262563022039135,2259.54200119534
0.82,-5,3.99764515265496,0.0177740245198983,0.00275646167869167,1813.93005213944,0.0259986599028912,2298.27477714998
0.81,-5,3.98679188152767,0.0177695458884011,0.00274670959842518,1820.37991001477,0.0257525731284184,2320.46398566297
0.8,-5,3.97624858133531,0.0177714768973822,0.00274094411830362,1824.18994580542,0.0255390350666933,2335.02689707473
0.79,-5,3.96605042617804,0.01778861999603,0.00274464009223325,1821.73485480893,0.0254027453215519,2331.49021058831
0.78,-5,3.95619991541892,0.0178096280510116,0.00275600456047712,1814.32245098654,0.025311030582138,2321.28679340735
0.77,-5,3.94667463864754,0.0178396822576601,0.00278531757888065,1795.30717256232,0.0253236461966867,2295.47951119521
0.76,-5,3.93743340846637,0.0178700254813612,0.00282369604114684,1771.11407391233,0.0253867114953314,2264.75941560085
0.75,-5,3.92842239881028,0.0179010202300393,0.00288251054014749,1735.24872556984,0.0255635044407461,2222.96446958883
0.74,-5,3.91957995096003,0.0179279042757761,0.00294798259160227,1696.71495227986,0.0257907455227099,2178.77243663295
0.73,-5,3.9108397043553,0.0179460632624591,0.00302758544723971,1652.51738727827,0.0261250639043073,2129.49253295494
0.72,-5,3.90213241922396,0.0179548851890733,0.00311058508628844,1608.11240749948,0.0265037190580731,2081.20207884576
0.71,-5,3.8933865566925,0.0179441512506488,0.00320069906726785,1563.27301095993,0.026975234697515,2034.98396250543
0.7,-5,3.88452853335947,0.0179220629806991,0.0032838383213439,1522.96574448912,0.0274624781653786,1993.44476378767
0.69,-5,3.8754835889639,0.0178770360048157,0.00335288681111118,1491.81456075821,0.0279814959416056,1961.35819688667
0.68,-5,3.86617769667547,0.0178226265330102,0.00340546203495738,1468.25768704474,0.0284686355795167,1937.62256313192
0.67,-5,3.85654092694237,0.0177499253365164,0.0034259216631829,1459.50636498731,0.0288936269218683,1930.16756208628
0.66,-5,3.84651379780261,0.0176739252889885,0.0034263675387137,1459.37087801924,0.0292278106621387,1933.65287217019
0.65,-5,3.83605407994153,0.0175917165033847,0.00338914570900079,1475.45117734198,0.0293910862253542,1957.72884414487
0.64,-5,3.82514421974934,0.0175133460495104,0.00333582830470385,1499.42907565652,0.0294198886367725,1993.04079374274
0.63,-5,3.81380849341678,0.0174419523050862,0.00325325492275348,1537.7619743728,0.0292042671226313,2048.77571790061
0.62,-5,3.80210983264473,0.0173799774900188,0.00316129998723743,1582.77752748737,0.0288577842862695,2112.52860380575
0.61,-5,3.79015261928999,0.0173345424141898,0.0030528709447666,1639.52789216898,0.0282815075886441,2190.36111505856
0.6,-5,3.77807534431018,0.0172994758150681,0.00294233925728667,1700.93808666556,0.0276292785024281,2269.72959434441
0.59,-5,3.76603585789628,0.0172820047115911,0.00282823934255952,1770.25609805051,0.0268481568160408,2351.70463962816
0.58,-5,3.75419230974129,0.0172728178465836,0.00271703870552938,1842.04246053609,0.0260620428750125,2428.22610636599
0.57,-5,3.74268446933042,0.0172772212644883,0.0026105943299574,1917.87814993412,0.0252677391464513,2495.80098427798
0.56,-5,3.73161894743287,0.0172873628813868,0.00250946151930675,1994.22195684099,0.0245171196217398,2554.28350858975
0.55,-5,3.72106268204477,0.0173066069998453,0.00241675444084741,2071.37179024187,0.0238357963229204,2598.34283793753
0.54,-5,3.71104317386939,0.0173298810834679,0.002330449307312,2147.02592493584,0.0232165298961481,2633.98935654455
0.53,-5,3.70155443955396,0.0173593382631783,0.00225396655163898,2220.38523859617,0.022692476104512,2656.72826551696
0.52,-5,3.69256587298515,0.0173917651599657,0.00218541402778293,2288.91250266361,0.0222312057344068,2673.90407562096
0.51,-5,3.68403164913513,0.0174286000448472,0.00212863244591444,2350.26749525757,0.0218631255798813,2682.82250869458
0.5,-5,3.67589867848999,0.0174702982168965,0.00207614085576409,2409.12823453147,0.0215473272334089,2687.56244645001
0.49,-5,3.66811234483904,0.0175188379893084,0.00202968436242815,2464.48009517451,0.0213050781602137,2686.42413887521
0.48,-5,3.66062115988748,0.0175724855778455,0.00198982513020286,2513.18422473273,0.0211106242650369,2682.77202816449
0.47,-5,3.65337829469399,0.0176332333567532,0.00195913651192699,2552.64758385668,0.0209826087173649,2675.62557067593
0.46,-5,3.64634288672449,0.0177016696547379,0.00193311203975101,2586.68501393842,0.0208966782357056,2665.77270601655
0.45,-5,3.63948030320978,0.0177804514028428,0.0019133635084091,2613.42146997057,0.0208673762083525,2652.27817771427
0.44,-5,3.63276137058051,0.0178686166000428,0.00189958420014495,2632.17204406632,0.0208809922017084,2636.09506482944
0.43,-5,3.62616210059286,0.0179690056623578,0.00189358102803334,2640.51937063277,0.0209505177109399,2616.40951963489
0.42,-5,3.61966272185942,0.0180828026608874,0.00188706307093806,2649.64479965451,0.0210533865035942,2592.67181888037
0.41,-5,3.61324706876029,0.0182131711416894,0.0018799088675112,2659.73192112747,0.0211974657869092,2563.9258735345
0.4,-5,3.60690177206734,0.0183551394694376,0.00187902503181671,2660.97519823832,0.021382958859362,2532.4509192511
0.39,-5,3.60061573019542,0.0185112770901231,0.00188580049349366,2651.41565855004,0.0216190391604789,2497.64246175482
0.38,-5,3.59437952673515,0.018676762139002,0.00190406427298572,2626.4642329204,0.0219014792517356,2460.38654210541
0.37,-5,3.58818479542402,0.0188533053644376,0.00193591894016439,2583.30392793342,0.0222387638129231,2420.23523047821
0.36,-5,3.58202384242146,0.0190376528279578,0.00197460906326149,2533.1189412622,0.0226105862627131,2378.86332558624
0.35,-5,3.57588907892653,0.0192309427015075,0.00202113152679943,2474.8847916535,0.023021983615022,2336.09281581647
0.34,-5,3.56977248482775,0.0194246840061173,0.00208352116686223,2402.23804228161,0.0234728595638174,2292.39391879378
0.33,-5,3.56366513274451,0.0196189163558191,0.00216317036180206,2313.9139569865,0.0239666784395702,2247.68516657007
0.32,-5,3.55755665669431,0.0198064308997492,0.002258450667214,2217.68926345951,0.0244923908447345,2203.94880932695
0.31,-5,3.55143484808909,0.0199867227386386,0.00237053689173673,2112.97016493757,0.025052393844697,2161.25793067708
0.3,-5,3.5452852935574,0.0201520118222756,0.0024985975702268,2005.79804108932,0.0256404170549405,2119.73885240636
0.29,-5,3.53909081484184,0.0203016750071183,0.00264329620599787,1896.07100483707,0.0262576243025609,2079.44024556395
0.28,-5,3.53283141232527,0.0204274180860017,0.00280170496377431,1789.35182222909,0.0269058238997711,2040.55640761454
0.27,-5,3.52648199867209,0.0205290261515857,0.00297394702051258,1685.66751696782,0.0275852942936408,2003.10004938056
0.26,-5,3.52000916201728,0.0206159798531331,0.00312227696573025,1603.28349671401,0.0282767924665604,1966.64623285524
0.25,-5,3.51336569799908,0.0206888949474593,0.00324769955443412,1541.30475192454,0.0289798130273096,1931.15283257422
0.24,-5,3.5064831336788,0.0207648341739164,0.00334207037378037,1496.49238578971,0.0297647880423492,1901.41088803148
0.23,-5,3.49926382813476,0.0208436369522184,0.00340703826111628,1467.93487001889,0.030627365760787,1877.11499907691
0.22,-5,3.49157706382897,0.0209766058172095,0.00344216071070457,1452.57860401633,0.0316066289956474,1863.66252115739
0.21,-5,3.48326783738476,0.0211582680074887,0.00345045320639656,1449.08977737422,0.0326907882301062,1859.95787205543
0.2,-5,3.47418404144293,0.0214730312931671,0.00343915387568276,1453.92196917034,0.0338745687240435,1860.69478000909
0.19,-5,3.46422116693422,0.0219060600300549,0.00341044645239882,1466.14770643027,0.0351468665451065,1865.37818252525
0.18,-5,3.45337877483433,0.0225258742828687,0.00337012280999029,1483.87923131993,0.036390371786859,1854.24407368067
0.17,-5,3.44181240489186,0.0233064455559157,0.00331980166449064,1506.34931427715,0.0376090966850617,1829.49661809852
0.16,-5,3.42985005393354,0.0242892558390208,0.00328677799375075,1521.28497970886,0.0387316518439756,1771.7534093178
0.15,-5,3.41794419657607,0.02544064727166,0.00326817304558174,1529.94015174242,0.03977404242339,1686.50580362393
0.14,-5,3.40656041024301,0.0267237870045471,0.00325762460784501,1534.66451167838,0.0400086669877234,1577.23900627209
0.13,-5,3.3960505533218,0.0281132837254083,0.0032535799821616,1536.21562889161,0.0395912029847649,1448.58213805399
0.12,-5,3.38656793823123,0.030011023761583,0.00513846330742492,1244.99328689999,0.0456120242497919,1256.18090105452
0.11,-5,3.37804758345196,0.032306066799064,0.00849995581091104,724.904631195723,0.0566657696737099,1013.94953688931
0.1,-5,3.37023002419655,0.0352525888947511,0.0130954333650536,427.370577290145,0.0689892180711947,800.370218267941
0.09,-5,3.36271126086009,0.0386821737547757,0.0186058938679383,294.857700668304,0.0822541337661666,608.035997474337
0.08,-5,3.3550064153094,0.0418507267435872,0.0194673149857484,259.632071603241,0.0917977415006847,462.10191327703
0.07,-5,3.3464772266818,0.0448257531573667,0.0169230794369459,295.7548846838,0.0986758781903019,350.33778371847
0.06,-5,3.33585350430784,0.0473082847531119,0.0145448199851764,345.934406892351,0.118860155245066,275.954145322108
0.05,-5,3.32030450578737,0.0308250402895594,0.0254815211840086,218.663956407833,0.10320026841021,373.614846328545
0.04,-5,3.29439180481574,0.0221392368584388,0.0311248397094078,158.235372185921,0.0649181744282379,610.768841778305
0.03,-5,3.25012252367241,NaN,NaN,NaN,NaN,NaN
0.02,-5,3.18202777110511,NaN,NaN,NaN,NaN,NaN
0.00999999999999999,-5,3.09510042261902,NaN,NaN,NaN,NaN,NaN
-8.67361737988404e-18,-5,2.98546884367292,NaN,NaN,NaN,NaN,NaN
-0.01,-5,2.7461766662014,NaN,NaN,NaN,NaN,NaN
-0.0197373230555555,-5,NaN,NaN,NaN,NaN,NaN,NaN
